<?xml version="1.0" encoding="UTF-8" standalone="yes" ?><cp:coreProperties xmlns:cp="http://schemas.openxmlformats.org/package/2006/metadata/core-properties" xmlns:dc="http://purl.org/dc/elements/1.1/" xmlns:dcmitype="http://purl.org/dc/dcmitype/" xmlns:dcterms="http://purl.org/dc/terms/" xmlns:xsi="http://www.w3.org/2001/XMLSchema-instance"><cp:category>Model</cp:category><dcterms:created xsi:type="dcterms:W3CDTF">2018-10-17T17:50:42Z</dcterms:created><dc:creator>marce</dc:creator><cp:lastModifiedBy>marce</cp:lastModifiedBy><dcterms:modified xsi:type="dcterms:W3CDTF">2017-02-10T18:45:14Z</dcterms:modified><cp:revision>1.0</cp:revision><cp:version>R2017a</cp:version></cp:coreProperties>